"","ID","Gender","SelfEfficacy","PerfAvGoals","PerfAppGoals","MasteryGoals"
"1","4217","Male",-1.37962022454649,-0.679477798610182,0.617840348500467,-1.25096580151991
"2","4216","Male",-2.79091895410291,-0.448330481419856,-0.0740267281266429,-2.16354651862417
"3","4232","Male",-0.0363254479114808,0.0186008563412158,0.60097047873747,0.169619752693615
"4","4233","Male",-0.394879864588184,1.19024729696648,2.12997304714742,0.536113601550735
"5","4235","Male",0.446239050662636,1.02046097236639,1.36387484508972,0.437975694488058
"6","4230","Female",0.34195654633998,1.61011269462244,1.50113495429751,-2.3275408699886
"7","4420","Male",0.683730202601337,0.578760675677106,0.58241788035461,0.322062208127976
"8","4421","Male",-0.131898169517381,-1.31666012352056,-1.06505161370197,0.432151183309542
"9","4234","Female",-1.12106665696029,0.77504857113636,0.648630858733847,-1.10285339401826
"10","4219","Male",0.873506436347158,1.86730448944104,2.52730160423533,0.81944092937931
"11","4229","Female",0.873506436347158,1.86730448944104,2.52730160423533,0.81944092937931
"12","4236","Male",0.600355964291486,0.590444988597197,2.09060424228665,0.436876851592757
"13","4228","Female",0.481036291057691,-0.703786340790013,-1.35102916767932,0.701764752888297
"14","4224","Female",0.673761562079112,0.0851832193344309,0.730014772935448,0.486594751153422
"15","4254","Female",0.207473799789496,0.142254775989828,-0.452301583863959,0.0699093075198755
"16","4267","Female",0.503817698706645,0.572880959320192,1.72225358693794,-0.140268267499233
"17","4255","Female",0.530019712131212,-1.05340024026058,-1.41862953893602,0.435044133671723
"18","4261","Female",0.324356090579075,-0.261345644361167,0.430589500870342,0.362006224269415
"19","4246","Male",0.0219289523187875,-0.455968150192508,-1.31542627018386,-0.362545345165833
"20","4251","Female",-0.479534821371729,0.483708309976459,0.504331338966071,-0.137880133617007
"21","4241","Male",0.615562032975633,-0.707643395273314,-1.35213438560021,0.731578746377537
"22","4247","Male",0.669169002793685,-1.13565287610102,-1.43597693750194,0.30941919918831
"23","4256","Female",0.603790887662089,1.72542420710603,1.9844737222324,0.754873426361856
"24","4253","Female",0.192164838027103,0.996364949292736,0.425676612489182,0.330836261215701
"25","4263","Female",0.550982501873689,0.689356718001841,0.814604805347275,0.112638894939658
"26","4244","Male",-0.136383174753094,1.08707159613751,0.140249037616718,-0.348013222981524
"27","4252","Female",-0.0404422204991944,0.017384402082802,0.596131756396357,0.145257811386941
"28","4257","Female",0.567581807563367,0.479051084178043,1.31752357464731,0.422587384462109
"29","4264F","Female",0.503482209343946,-1.05300381817783,-1.43140909103904,-0.675817286165445
"30","4259","Female",0.761059576494994,0.658327608388302,1.0374975022877,0.783230201631786
"31","4242","Male",-0.580421247664817,1.12077119470441,0.163876688670116,-0.697680520470953
"32","4265","Female",-0.808106035750766,0.202505740872555,0.897667328311318,-1.38998212481161
"33","4282A","Male",0.779671891767567,1.1321604052274,2.2676081481193,0.308220278095093
"34","4276","Male",0.524566667266484,-1.59979468705348,-1.39809877845998,0.574131467643777
"35","4272","Female",-0.236062304847468,-1.07212386432715,-1.41978404703439,0.267327001197962
"36","4284","Female",-1.07391820904417,-0.507775692964899,-0.451652755585839,-0.961933660789562
"37","4292F","Female",0.332299511458595,0.36697521200201,-0.545639518363514,0.347529292750946
"38","4280","Male",0.575390408152744,1.79840892590553,2.27732927035222,0.587956344704486
"39","4294F","Female",0.521095124708627,-1.18168968618117,-1.06520189888451,0.532478402940569
"40","4287","Female",0.136992341546946,-1.1723846552798,-0.823941340894256,0.631534941264582
"41","4275","Male",0.63192907456119,0.681170259358333,-0.029456083095627,0.442434225333239
"42","4273","Male",0.804514312701615,-0.0911152303989338,-0.232472975867743,0.486226881784008
"43","4289","Female",-0.477103931130333,1.08398549858909,1.70317483217531,-0.0532687421547095
"44","4291F","Female",0.317387302750957,0.638066585493056,0.337610876757414,0.515139694487311
"45","4286","Female",-0.963530885320971,-1.89276858400147,-1.57642545655938,-0.583825883744517
"46","4285","Female",0.428907289001441,-0.00160709838147063,0.481735677845368,0.705875262915432
"47","4270","Male",0.267432039700928,1.40540299194123,2.04325325769367,0.267046330598343
"48","4293F","Female",0.184422835550309,0.480351322501781,-0.226209292964359,0.317505051008048
"49","4243","Female",-0.135055702939096,0.285106918363136,-0.382722869261317,-0.0300239259984735
"50","4271","Male",0.571904594451597,-0.10258483655746,-0.449646242341591,0.451297193340072
"51","4264","Male",-0.146644027415313,-0.155951988577271,-0.398650484036664,0.407159965468434
"52","4268","Female",-0.446878510548484,0.451598230959195,-0.682330318945536,-0.734570974778828
"53","4258","Male",-0.00307865229325463,1.84622644150924,2.52175824081929,0.261279785817533
"54","4249","Female",0.523622117974419,0.22448911088789,0.660915690598275,0.590197613370314
"55","4240","Male",-1.57571309413911,0.89620885873232,0.862588458793165,-2.164209127051
"56","4260","Male",0.444214756569279,-0.437664143602166,-0.931004868176866,0.28708359915773
"57","4269","Female",0.000418356581067897,1.46312540023055,0.979391160369291,-0.147430475001324
"58","4248","Female",0.546284352091136,-0.551480927969709,-0.571007541345891,0.585379472864298
"59","4290","Male",0.582739087480285,-0.286843359897819,-0.688725146876165,-0.0554796616940372
"60","4283","Male",-0.421744217960506,-0.884161656564735,-0.847186334338715,-1.0566786304802
"61","4288","Male",0.429423390531468,-0.0624781507804741,-0.842803157016174,0.209640979352241
"62","4321","Female",-0.15445654981797,-1.0694747583499,-1.42764112295195,-0.407011352167648
"63","4300","Female",0.424438833996132,-1.2421095891337,-0.423347030215586,0.233877731235163
"64","4304","Male",-0.335872627986155,0.962345894949216,0.998832373998764,0.26805316689296
"65","4303","Female",0.0469233916608735,1.20292590545158,0.436838130770015,-0.289863289969691
"66","4312","Male",-1.12667373706995,-0.266680951770053,1.07335688753603,-0.870746844232558
"67","4322","Female",-0.592498389461695,0.465532249982585,-0.466834757977837,-0.190741082958447
"68","4313","Female",-0.887249026842947,-0.727060999637531,-0.635367739882687,-1.02138878731782
"69","4315","Male",0.855515810076341,-0.240145761659894,-0.5602969671738,0.791157156147412
"70","4319","Female",-0.101626660100202,1.2960877018885,1.84888675238625,0.301847917039776
"71","4296","Female",-0.658264529651161,0.373446548066151,1.32361310292004,-1.04741833552669
"72","4308","Female",-0.59769938046405,1.10991846636002,0.94624364273862,0.342355102299495
"73","4036","Male",-0.965397254123193,-0.663882754556911,-0.0315319232887051,-1.12223652478611
"74","4307","Female",0.567734763167313,-0.435195034259008,0.398527408593741,0.465836437704927
"75","4301","Female",0.8174699279517,0.858836316189074,0.514913677965109,0.514669670244613
"76","4294","Male",-0.703959682893262,1.68393161821613,1.92660718265208,-0.686277376921168
"77","4299","Male",0.490325640120111,1.25352278966375,1.92794643029905,-0.0735380372160686
"78","4309","Male",0.85556066817312,-0.221335137011282,-0.471217541296031,0.791963105198128
"79","4302","Female",-0.430391217589718,0.511146823050271,0.612689774372172,0.0755714547712929
"80","4278","Male",-0.644586166132121,-1.27054951407467,-1.33159439024303,-1.1998438196409
"81","4291","Male",0.205152879761378,-0.386907715564005,-0.432681117467184,-0.541717448981656
"82","4282K","Male",-0.46295953931494,1.24916813429017,1.48072110903944,-0.329312701895553
"83","4293","Male",0.143074956708903,0.923073730144022,1.65737358565319,0.167481731605516
"84","4443","Male",0.225530657001973,1.0709131899302,0.904284298577006,-0.303642404021229
"85","4327","Male",0.570013452745054,0.723955465466859,0.969678941902969,0.413672157969072
"86","4330","Male",0.17717272779341,0.35789215619078,0.456901468625096,-0.0412683277637551
"87","4337","Male",0.860416893790484,0.3995654410486,0.67460336108414,0.802420725139018
"88","4343","Female",0.800386708173522,-0.5666333386103,-1.33030705727411,0.471369666057847
"89","4328","Male",0.387226580090289,-1.56093704036571,-1.24598988467674,-0.559822541600332
"90","4324","Male",0.623345328744552,0.295496026790897,0.532313558681173,0.74877331602443
"91","4348","Female",0.620652796641744,0.0431430270154446,0.448752437248725,0.747961074694331
"92","4338","Female",0.299652876080369,1.12615250643212,1.27712289800579,0.242238011930957
"93","4332","Male",-0.346175513486153,-1.87788103841667,-1.57304368603073,-0.236030714402447
"94","4346","Female",-0.29957135530175,0.153423126137418,0.501609112093561,-0.373982798933216
"95","4347","Female",0.534637025898043,0.160945234877152,1.77373446328321,0.258107216415046
"96","4339","Female",0.296581519126358,-0.319161440307111,-0.282605091525344,-0.0709136859850658
"97","4353","Male",-0.786585088137004,1.2449020388031,1.85345877609195,-0.288708201123229
"98","4367","Female",0.843689263218687,-1.3197254255048,-0.754169788602255,0.789154300815167
"99","4365","Female",0.256152938911908,-0.811650980051714,-1.1037406920564,-0.225355482428878
"100","4357","Male",0.247078730019302,1.77932058806271,2.23042138958583,0.3816313894637
"101","4373","Female",-0.68623641519059,0.0871637007814035,0.737617313854181,0.46092784724853
"102","4359","Male",0.191578586411716,-0.66939795205879,-0.361875197286113,-0.155933733401473
"103","4352","Male",-0.0324557042026546,0.881395280561604,-0.0136077539068773,0.277177245565514
"104","4362","Male",-0.677325014563517,-0.160117009126914,-0.88111663074747,-0.336852453902538
"105","4363","Female",0.637277920542767,1.86153148140305,2.52693834005938,0.767093971432064
"106","4366","Female",0.329395750013463,-0.892949046112658,-0.75580994459826,0.407865121411108
"107","4356","Male",-0.271940255343415,1.25330653390888,1.18812376085058,0.372415030432489
"108","4364","Female",0.0114092880410089,-0.330110469867646,-0.973329986099931,-0.322532740125093
"109","4355","Male",-1.09284567384545,0.273976269266027,-0.324401110954507,-0.443411131062173
"110","4325","Male",0.699573351888302,-0.336707988709501,-1.0953863524689,-0.135387228893318
"111","4342","Female",-0.164048375706687,-0.582440893228214,-1.33006784306136,0.2830241119726
"112","4391","Male",-0.837157943247492,0.656038790491977,-0.4955062270046,-0.750312985956667
"113","4393","Female",-0.48260740969603,0.59677039735316,0.0949064495197608,0.0158591735367127
"114","4390","Male",0.454734285620768,-0.282758294514667,-1.04236897705698,0.268351662141962
"115","4385","Male",-0.741750989436422,1.8284593284943,2.51715119926817,-0.203498423166646
"116","4384","Female",0.849962403274972,-0.783798905548035,-0.871738514423202,0.788224910593645
"117","4392","Female",0.417275217652895,0.611660614189072,1.08755753478818,0.544398049817938
"118","4380","Female",0.810885305423574,0.72573017302217,0.846947651239364,0.491267881831799
"119","4386","Male",0.505651022440931,-1.40598757070963,-1.12453649030561,0.710941714130298
"120","4394","Female",0.862335592542958,0.492458993164186,0.212257844405329,0.798283275225624
"121","4383","Male",0.270303187400906,-1.14836849103124,-0.0118506396203406,0.668671896212384
"122","4382","Female",-0.207689668097559,0.78304293517918,1.15538691984838,-0.0271443062409439
"123","4379","Female",0.582187887609278,0.113099034283101,0.256652412973173,-0.0663303088024632
"124","4376","Male",0.868930838755045,1.1565948604783,0.693137473275475,0.802768806263512
"125","4404","Female",0.326973378193622,0.572186656786172,0.361555504970844,-0.259770123304264
"126","4410","Female",-0.288118321533294,-0.318142963043793,-0.234633094667339,-0.12400385256846
"127","4411","Female",-1.18733407881118,-1.54703296171806,-1.51389718790005,-0.772488460505959
"128","4400","Female",-0.147270409689405,-0.0114094492136454,-0.992459920014015,-0.19641007136731
"129","4396","Female",0.394431654795889,-0.784043589209034,-1.13113357523251,0.521607567556363
"130","4407","Male",0.527878345325575,0.384719523347262,-0.639859600295959,0.578532979792279
"131","4399","Male",0.224703265324426,-0.0643931567775565,0.283251869152853,0.0126794938959474
"132","4413","Female",0.0489411203893129,-0.489233239327773,-1.12425551863743,-0.516876661608101
"133","4401","Male",0.573126062924986,0.434197491967368,-0.0551678998245828,0.430739453679306
"134","4397","Female",0.310621158531103,-0.598275129328086,-1.21354182645565,0.526184216047262
"135","4416","Female",0.240117089334753,-1.08383932107656,-1.30088087488263,0.649700791006225
"136","4429","Female",0.186102789771518,-1.06812892803667,-0.609205750024528,0.343145979662445
"137","4442","Female",0.654311236378137,-0.0506214863812624,-0.47990856854323,0.74689091150377
"138","4428","Male",-0.767030655850064,1.30069175476923,1.56706784387717,-0.336993794276978
"139","4424","Male",0.552725054687413,-0.251161169039636,0.273736273128198,0.549987220145782
"140","4433","Male",0.531971414702977,-0.160360053658083,-1.25138099359894,0.712761914603254
"141","4283F","Female",-1.36854231288117,-1.29112735292945,-0.84130636408119,0.297960427639905
"142","4423","Male",0.384672692781228,-0.0828165856393667,-0.405194629427215,0.68790567567816
"143","4436","Female",0.330460322504611,-0.593293308066169,-1.21619693793618,0.230507034008943
"144","4430","Female",0.825473569533093,-0.438936766663905,-1.02621499643355,0.617348326497605
"145","4431","Female",-0.775746625264975,-1.88782467336014,-1.58046190112487,-0.917390417439243
"146","4441","Female",-0.869547139219987,0.131544818544891,0.259248352354655,-0.635702728826619
"147","4437","Female",-0.153295044473032,-0.7938364398649,-0.66090204845194,-0.0716890530236469
"148","4434","Female",-1.34598287714999,-0.828571563342121,-1.00175885281751,-0.472322152983388
"149","4427","Female",0.404832921033205,1.30661693158416,0.320315841749785,0.420369317125194
"150","4426","Female",0.194236329864674,-1.43233152287728,-1.36635821791721,0.501859479244909
"151","4440","Male",-0.44024602391869,-0.767886023886712,-1.37636053628048,-0.893362620303994
"152","4446","Male",-0.691116390351018,0.418893941886998,0.89894291393618,0.278676977549086
"153","4432","Female",-1.00102142005577,-0.457503050331632,-0.713780738036772,-0.471067191997813
"154","4438","Female",-0.827464427052961,-1.88990016754041,-1.57064739148773,-0.0706245483806675
"155","4449","Female",0.794291200871402,0.194451317004089,0.612553454022818,0.423770668328466
"156","4435","Female",-1.08282156368256,-0.782770173794671,-0.700871574454205,-0.921675372477765
"157","4448","Female",0.433885705325851,-0.739109811473604,-0.151775887391975,0.261737835507356
"158","4455","Female",-0.237421735451408,-1.35867785798216,-1.48608155129119,-0.901565216513277
"159","4451","Female",0.857399652496847,-0.12104591186693,-0.846786410816055,0.7886081521314
"160","4447","Female",0.395755325821607,0.953535346156964,-0.0753538328856507,0.691121474115017
"161","4459","Female",0.744590273397676,-0.53221728850064,-1.32756460047641,0.139169078906155
"162","4457","Female",0.0401742453337222,0.457667394519236,0.320018982258862,-0.0243703526254331
"163","4456","Female",-0.0603246315971973,-0.337676070745153,-0.320589699345085,-0.0312104852576144
"164","4454","Female",-0.468288349051365,-0.7233669637278,-0.856721109943777,-1.05143414098493
"165","4458","Female",0.636120597995023,0.584614780772612,0.0840881181273358,0.030094927058048
"166","4460","Female",-0.0435403179041913,-0.804343441391706,-0.857057302986688,0.408440588532661
"167","4450","Female",-0.093116821418751,0.342094166423279,0.0612302695743578,-0.198615636528041
"168","4453","Female",-0.381732750124168,-1.62916556549694,-0.584485133210883,-1.02126587978859
"169","4452","Female",0.820133284283007,-1.37650200118016,-1.00890509795522,0.648502842394242
"170","4239","Male",0.158420578125146,0.106188739081311,-0.771683356501898,-0.0564205099652149
"171","4408","Female",-0.0853248154890802,-1.46195035055368,-1.26472991726045,-0.483019933462469
"172","4490","Male",0.69970894738608,0.566303744613893,-0.492603300724315,-0.182544818413788
"173","4465","Male",0.250366412725523,1.09351161031001,-0.016397973750184,0.0813663803368592
"174","4467","Male",0.873506436347158,1.86730448944104,2.52730160423533,0.81944092937931
"175","4472","Female",-1.11678009379911,-0.678410758750152,-1.12905038191721,-1.86005282965966
"176","4507","Male",0.862047611342619,0.415696681864499,-0.0954771164151393,0.795496211608824
"177","4518","Female",-0.190792952427933,-1.34221513218008,-1.48805947040078,-1.30686334961041
"178","4503","Female",0.00347967241214442,-0.0981160769714298,-0.174736072994565,-0.0245725929181536
"179","4479","Female",0.397870916955765,1.51745293880078,2.18535399807989,0.71159602964522
"180","4524","Female",0.176291314377136,-1.28017343041964,-1.4630524412118,0.0303119732747422
"181","4485","Male",0.338328537901401,1.64964672072469,2.20731341979476,0.282730015466621
"182","4476","Female",0.696418991850922,0.266199461031967,0.276338822932133,0.599411380971339
"183","4483","Male",0.423395698867429,1.42287861138845,1.94471596368006,0.0980234444549862
"184","4510","Male",-0.37412327423905,-0.842124062940995,-0.491000740057183,-0.190290638581939
"185","4482","Female",0.873506436347158,1.86730448944104,2.52730160423533,0.81944092937931
"186","4498","Female",0.672405517970147,0.447616981857752,-0.491313489656895,0.429884170914955
"187","4500","Female",-0.592079755718197,-0.0236938883017782,-0.261644063048758,-0.173570234913398
"188","4513","Female",0.228559834149343,-0.423566639812187,-0.6832830387228,0.651458874303107
"189","4484","Male",-0.430800457753588,0.674330702583366,-0.114942440658874,-0.453122109382405
"190","4492","Female",0.865134236632359,0.653528968864807,-0.308596832476031,0.793635751419949
"191","4522","Female",0.402797415195934,0.261193442130487,1.20134888677215,0.164256048828371
"192","4461","Male",0.59363622817071,0.99466792348333,1.73424353573867,-0.793529251058122
"193","4494","Female",0.674791199859923,1.02949560483255,2.17108160500316,0.458843144110986
"194","4514","Female",0.545517687895448,1.61498872616251,2.20520101520666,0.744285866296511
"195","4517","Female",-0.342259382163802,1.05203936277737,0.527442220863972,-0.365570158121787
"196","4515","Female",-0.0939094981648412,-0.22991392347475,-1.2623078363539,0.574099098776543
"197","4488","Male",0.821660345009743,1.46687484013462,1.9374762306907,0.527614040815638
"198","4478","Female",0.743088318470647,1.15392171293939,0.692444570180893,0.637032314455041
"199","4502","Female",-0.521673175009276,0.847218613119731,0.232732640290117,-0.293127651732458
"200","4521","Male",0.381539722113784,0.806045786522795,0.64553981611728,0.375308952798795
"201","4509","Male",0.400180757886337,-0.658602414969365,-1.06500424508392,0.548589776290731
"202","4501","Female",-0.920630287368697,-0.585929309374001,-1.09652351716161,-0.25297559399393
"203","4499","Female",-0.0563680702481452,-0.376665111659803,-0.321545356528901,0.314897104307639
"204","4505","Male",0.867423185155932,1.26365552888781,2.13735965144464,0.815788048664439
"205","4495","Female",0.608864893850751,1.44426141243269,2.16746979776309,0.431928574636686
"206","4344","Female",0.77255532874205,-0.453121619030147,-1.19206801379813,0.302010323494464
"207","4292BM","Male",-0.730573262406508,-1.78905593627051,-1.17947118014448,-0.293295018436236
"208","4279","Male",0.629977581872493,0.836756467771347,0.255854570903678,0.746415675302114
"209","4341","Male",0.495708935233646,1.11266209393803,-0.471071996490849,0.107071138648222
"210","4279","Female",0.842698897461916,1.55314510423309,1.77563395591938,0.64303358990885
"211","4281","Female",-0.395853070408536,1.52603314154805,1.27935213684702,0.389285434188926
"212","4245","Female",0.70267493289469,0.689523095969821,-0.508081835228771,0.592455383957818
"213","4335","Female",-0.691987315679808,1.11116896060682,0.797722387975756,-0.474375334024424
"214","4326","Male",0.388340963779544,-0.604418646036795,-1.3357336633738,0.405449555647093
"215","4334","Male",-0.378493241363966,-0.231661898810944,-0.0439855780089992,-2.03996819919967
"216","4370","Male",-1.21839800080698,-0.0351654736380681,-0.700366255561866,-2.28518339571709
"217","4360","Male",-0.15020464645094,0.858033013074493,-0.128742157415405,-1.00032207405533
"218","4345","Male",0.119155642507114,-1.45469336300863,-1.25697717985395,0.348454389138639
"219","4350","Male",-0.759098552224897,0.618683768651062,-0.00406593990814123,-0.432867573790465
"220","4562","Female",-0.0850333497823558,0.703203697558788,0.643240656066334,-0.163130357723929
"221","4563","Male",0.825068434674127,1.86638149165713,2.52404848422657,0.532987096965122
"222","4564","Male",0.636600155301508,-0.807036352189537,0.227965844198176,0.31610002048146
"223","4537","Male",-0.283748895382781,-0.760028321164288,-0.142921742250014,-0.146541337577459
"224","4558","Male",0.313622016557455,-0.601237913802349,-0.232548715854394,0.173237710628681
"225","4550","Female",0.503075886436996,0.64899916504993,-0.292885818292738,0.575704093278681
"226","4573","Female",-1.88831284197058,1.8012847265534,2.50508265201687,-1.35147898945706
"227","4536","Male",-0.375674780812627,-1.87844315405788,-1.57502487132882,-0.41048419900571
"228","4571","Female",0.275646880547518,1.42931767069668,2.16144991872136,-0.00582155324859598
"229","4571","Female",-1.436096449728,-0.467776800767465,-0.728860814993078,-1.60204708689279
"230","4566","Male",0.105338694604029,-1.01732141888048,-0.876024757059622,0.2785266831778
"231","4546","Male",0.104273655070684,-0.428535471770714,-1.0728310821187,-0.0269749107854561
"232","4554","Female",0.866320471638232,0.625404494814802,-1.10806433516824,0.786436243688798
"233","4535","Female",-0.13060409836636,-0.594779345992611,-0.0193352686210408,0.578493244938078
"234","4553","Male",0.41319354153416,-0.926278650668579,-0.884313859489253,0.395250233139465
"235","4540","Male",0.73307635697753,-1.85164871025441,-1.56964463773763,0.154005234041777
"236","4358F","Female",0.592845072417746,-0.336375056471853,0.0793511679155349,0.601334511824075
"237","4572","Female",0.197694593942333,-0.929397298682245,-1.2797303036543,0.199201796998445
"238","4549","Female",0.0681819654135234,-0.0438225957835805,0.486905804146966,-0.080177280235905
"239","4568","Male",0.319512300973767,-0.88995737527748,-1.39040699880709,0.181998562337772
"240","4543","Male",0.863407784969368,0.853172551848515,1.80775102282789,0.81272425287787
"241","4569","Female",-1.64266206296521,-1.45674903693182,-1.49645703166862,-0.914759209191
"242","4574","Male",-0.0405481496635123,0.0519042778796157,0.764311385488271,0.145718293063064
"243","4560","Male",-0.121082307302519,-0.864460311307488,-0.116429763624132,0.580299947351973
"244","4527","Male",-1.38495288283444,-1.72740463255153,-1.5463720610867,-0.810480352089442
"245","4548","Male",-0.971780479885447,0.0953355095179469,-0.733885392015788,-0.169651544950202
"246","4559","Male",0.631315519897982,-0.875020756324695,-1.39071312173529,0.0691313249805373
"247","4531","Male",0.798732773884853,0.136168176211933,-0.349921954436414,0.434549324249968
"248","4545","Male",0.823437001174486,-0.465471579892623,-0.102832467359037,0.625649599336371
"249","4533","Male",0.208516522752746,-1.83374674258035,-1.44006411219548,0.509922924053186
"250","4480","Female",0.458414856945297,1.00284069179387,2.23923186158168,-0.239305942757971
"251","4358","Male",0.859961752362876,0.0855257628734892,-0.968726522585225,0.787560542678712
"252","4381","Male",0.251373965607168,1.12826152352828,-0.380741029482983,0.329422634362314
"253","4374","Male",-1.15420785915339,0.888284635187379,-0.709312521841381,-0.598848761994642
"254","4317","Male",0.185738282741355,0.898062359604741,1.23426567145738,-0.0969738435056719
"255","4314","Male",0.0135806437810276,-0.792688143593156,-0.324297416954703,0.281598259774066
"256","4305","Female",-1.30188999936259,0.75417350288384,0.743004964280101,-1.36998674934683
"257","4326F","Female",0.188917573495853,1.29348348742256,0.800126891981539,0.652751148971281
"258","4281","Male",-0.342974169567229,1.19828144797056,1.78538088702107,-0.354217514528396
"259","4316","Female",-0.962547209214007,-1.05718159650622,-0.88383531767904,-0.487211410730682
"260","4372","Male",0.546707615576645,0.364796111181287,0.603235047947117,0.292373387489477
"261","4292R","Male",-0.441337266397146,-0.596016045503089,-0.657489712633586,0.158467647182929
"262","4329","Female",-1.12663565630281,-0.875852384959475,-0.873400759191617,-0.767543113465223
"263","4375","Female",-2.15387298269851,-0.222172666135118,-0.614907638851134,-2.89647817979635
"264","4310","Female",-0.50697166486974,0.245581781602799,-0.366290228675938,-1.74979200769604
"265","4353","Female",0.840136205216711,1.19996868008526,1.01776840037523,0.636130513506705
"266","4371","Male",0.741445613323099,-1.50094194170729,-1.49819243246583,0.759899511924374
"267","4648","Male",-0.646181056043957,-0.133541776757448,0.830110012425727,-1.72244776189433
"268","4632","Male",-1.04153944078479,0.344119399711774,0.0848755962237928,-1.63725375061969
"269","4664","Female",0.490987970610696,0.872134981304264,0.594717199905555,0.116602380110844
"270","4636","Male",-0.542445727004573,-0.551325928986667,-0.648803616709816,0.13603905424569
"271","4668","Male",0.452296414569788,-0.437510145663213,-0.930462100051898,0.334877104805089
"272","4295","Male",0.793500032273486,-0.713418685562078,-0.919816607965759,0.448670470260858
"273","4639","Female",0.336914662362519,1.02175800213716,1.51959701237974,0.692940531821974
"274","4631","Male",0.204229061433061,-1.46321236210485,-1.49180789528559,0.458870825819235
"275","4650","Female",0.267485927837755,0.905065106417268,2.07327565953882,0.683029029472932
"276","4635","Female",-1.08494278095274,0.410110653848649,0.37667094156312,-0.0714935225105354
"277","4643","Male",0.178512366056719,0.651784068313664,1.07331980824927,0.215565182829211
"278","4659","Female",-0.0138370707569572,-1.10519550818377,-0.343992752512685,-0.151530327521276
"279","4642","Female",0.5852327474218,-1.19515378675449,-1.12470910640653,0.589235045312343
"280","4665","Male",-0.0973973663684528,-0.29375795821448,-0.535966470440601,-0.672692102363456
"281","4657","Female",-0.963297013786786,-1.83042937751839,-1.32651175620514,-0.581562490012
"282","4677","Male",-0.944999254666297,-1.29233471705916,-1.1922473568176,-1.01636494892223
"283","4673","Male",0.00542185139725047,1.19065424060672,0.393537855234231,-0.175568230573789
"284","4672","Female",-0.314900291980697,-0.508494904311691,0.184021241109616,-0.106844768148838
"285","4660","Female",0.266076239155284,1.8524599673944,2.52636751874072,0.684837692001229
"286","4678","Female",0.36499385969722,-1.50938693730237,-1.50797315823998,-0.121703040393423
"287","4676","Female",0.196136054502101,-1.66215527540231,-1.41686089528129,-0.0200795700495541
"288","4666","Female",0.363186512467142,-1.65437017316257,-1.41753728410288,-0.120924120843212
"289","4646","Female",-0.257926317938419,0.583458392637309,0.169327288614618,0.0710709564543827
"290","4611","Male",-0.175712988644852,-1.38887079997087,-0.500382314994368,-0.583186611679508
"291","4602","Female",0.0283582824055411,-1.23170277871752,-0.737776067123132,0.608403189504251
"292","4626","Male",0.334999631220968,-0.312949673554955,-0.309670552641038,0.515102233954638
"293","4589","Female",-0.115749703534238,0.915403463154888,0.784021460472289,-0.0359320916367026
"294","4586","Female",0.585371093214529,-1.18590620185724,-0.609923948138014,0.599795803197194
"295","4581","Female",-0.0167925200875843,-1.71040850710068,-0.923907203634421,0.459882557218965
"296","4591","Female",-1.80151998158509,0.750812925471119,-0.686507158669963,-0.472746946035604
"297","4627","Female",0.272274565666991,-1.16785411507813,-1.1768539068008,0.658185749848645
"298","4623","Male",-0.606013179498811,1.09867793221474,1.9147058152877,0.211810015994692
"299","4601","Female",0.153383241973158,-1.41276556223304,-1.49480811353524,-0.613307071895502
"300","4600","Female",-0.355210950756548,-0.809020699528456,-1.38030259807095,-0.544380890679629
"301","4608","Female",0.796871885369769,-0.871318995587154,-1.38626315410305,0.469732359661081
"302","4599","Male",0.12785398639186,0.538968541544459,0.615406911934483,0.33812696114292
"303","4610","Female",0.271100622427977,-1.14400148844857,-0.409566376575152,0.665094712666047
"304","4609","Male",0.283713165692443,1.85376482800309,2.51574181353103,-0.235298836759808
"305","4607","Female",0.587139770092626,-0.317401258147112,0.856911051513371,0.581977526414093
"306","4578","Female",0.0677100950505322,-0.634178529851617,-0.34688028209416,0.619452402855203
"307","4588","Male",0.168256165281592,-0.928247044284639,-0.531247155493957,-0.11435642371257
"308","4617","Female",-1.15481614600944,-0.639008903644676,-0.573812509106395,-0.434020821372377
"309","4613","Female",-1.51446198599145,0.809903698560024,-0.493159010732361,-1.44385630844412
"310","4583","Female",-1.01346659787748,-1.31669233166546,-1.47048363139248,-0.595199920591831
"311","4585","Male",0.74641571568806,-0.961866224287047,-0.90413450291207,0.765373347201974
"312","4616","Male",-0.234148050403781,-0.494458483215146,-1.31768799578498,-0.0730626945922093
"313","4595","Male",-0.399634035147123,0.522888518903308,0.155430908053327,-0.41897825786862
"314","4619","Male",0.691375320982486,-0.806977013216503,-1.11560648796245,0.612988257660823
"315","4579","Male",0.618975680086157,-0.395814618878739,-1.29487813070906,0.732168570255438
"316","4620","Female",-0.296494531668541,0.650157003683179,-0.27564910254667,-0.0843456700048817
"317","4592","Male",0.741665916631606,1.45387813349512,0.87996776467642,0.612434100537568
"318","4598","Female",0.516700081593755,0.821615397066671,0.0320506821822452,0.0730262489553091
"319","4663","Female",-0.804089690124948,-0.688129335824685,-0.996325250396503,-0.219325065908701
"320","4670","Female",-0.943258013015985,0.494473039610908,0.228924729690471,-0.586463381975753
"321","4652","Male",0.37812764973342,-1.04973846284258,-1.17958255245704,0.543508662626714
"322","4419","Male",0.66110616233104,0.440918182716161,-1.14133920720399,0.741057789573835
"323","4653","Male",0.0140659716079145,0.527071489054545,0.573002781506045,0.011476143907962
"324","4669","Male",0.0903718456098589,-0.286165993219687,-0.781851450936547,0.299810589582323
"325","4389","Female",-0.834046001626706,-0.580390621757892,1.00036661338242,-0.529156423813652
"326","4667","Female",0.646869625843353,-0.740249760220471,-0.663884001114143,0.745070507225739
"327","4541","Male",0.378096462541076,-0.275816257644336,-0.292344325337736,0.085829116079461
"328","4686","Male",0.839225856397114,-1.84962600598622,-1.56251558516415,0.781754725501851
"329","4542","Female",0.174481651390209,1.28801274198633,2.09910206778617,0.0155818556856295
"330","4645","Male",0.405203762447877,0.769530270298969,0.720208272285671,0.519184166399648
"331","4656","Female",-0.377588581859148,-1.31729388120048,-0.852777857195697,0.197760052919355
"332","4395","Male",0.843599225468249,1.34723814565273,2.43026811038078,0.675231181029088
"333","4681","Male",-1.8882900141967,1.1045993090028,1.71073935032733,-0.601410063131714
"334","4414","Female",-1.09806726554268,-0.607225747261254,-0.635919864642861,0.22044801755986
"335","4508","Male",0.376852081161909,-0.413343204551614,0.179267142695638,-0.346624854986954
"336","4464","Male",-0.602050314710281,1.10570505416921,1.27562601000197,-0.380469119201327
"337","4683","Male",0.839685060160663,-1.72722377206976,-1.07181323369951,0.786198870121622
"338","4539","Female",0.461942180345547,-0.247873322288047,-1.03095667860548,0.699514068836469
"339","4653","Female",-1.26870410970568,-1.06702766266068,0.236151930969747,-0.908295704721613
"340","4657","Female",-0.0871600143608167,-0.689467104965547,-0.44245327056803,-0.0364880216569154
"341","4506","Female",-0.670708952286525,-0.623579762907153,-0.742703362814749,0.314197522582541
"342","4668","Male",-0.149870782663677,0.663391764385141,0.418344683144147,-0.22830376532437
"343","4684","Female",0.0195556381353074,0.17734092830035,-0.322968074905121,-0.109467886052716
"344","4637","Female",-0.947560286218531,-1.3061231903388,-0.593900692125641,-0.252582597359375
"345","4311","Male",0.485536519228894,0.898384425379355,-0.305128838822829,0.708981919873909
"346","4297","Male",-0.404404924734366,0.965361839235686,0.036542782676347,-0.313343476283681
"347","4707","Female",0.0502982338886173,-1.29465734460338,-1.46475878768067,0.052121799075095
"348","4698","Female",0.814262788782386,0.973192157980002,0.974458920580241,0.497340523279897
"349","4703","Female",-0.170993087815826,-1.3901669215034,-1.37175467118615,-0.608042366431218
"350","4712","Female",-0.0152283849283167,-1.74697836276268,-1.06856537245804,0.596795062493956
"351","4702","Female",-1.35733336529425,0.63331011262851,0.982951855860123,-1.10669438396753
"352","4691","Female",0.607194216226095,0.684274386019003,1.34947868094252,-0.122138868679652
"353","4693","Female",0.236081968320085,-0.75186890770878,-0.831106643440438,0.0129134142130344
"354","4704","Female",0.250626906842938,1.61136980740012,2.05673420133795,-0.101833439815387
"355","4736","Female",-0.0926325314736143,0.905789616947756,-0.228904724877687,-0.0205782206731156
"356","4771","Female",0.581623925586788,-0.755794166511856,-1.12676452056376,0.72628743977738
"357","4697","Female",-0.547193767544053,-0.420697127642568,-0.840332113864293,-0.966265610696918
"358","4717","Female",0.602997340592723,-1.8553990140242,-1.56287884934009,0.729407767554605
"359","4723","Female",0.616335399730952,-0.426047890062136,-0.0727533907293478,0.743156726669602
"360","4726","Female",-0.920860719294171,1.22599358157908,1.93621238612234,-1.52569269241273
"361","4714","Female",-0.116566370285467,-0.409284399173491,-0.446821324241987,0.28078505435805
"362","4716","Female",0.392231685757478,0.838743954596899,1.10875004841804,0.701747304538837
"363","4718","Female",-0.154976214615433,-1.06979811871375,-1.42385473628816,-0.0786194029322881
"364","4730","Female",0.830813013503612,0.174104968616605,-0.184462071477724,0.625068378884808
"365","4725","Female",0.724103094827099,-0.873252666744704,-1.38448146258049,0.617860742397084
"366","4720","Female",0.658158356924539,0.240088780207339,-0.779877407424752,0.744261739703759
"367","4728","Female",0.665253764346567,-0.138025620965919,-0.300489148148753,0.430399839012495
"368","4606","Female",0.645458878101579,1.63956723343972,1.62815337695284,0.233859887872127
"369","4733","Female",0.202094968020183,-1.33888045587378,-1.19905479071007,-0.324204152516988
"370","4731","Female",0.79243371195794,-1.85051764156427,-1.56565816859183,0.505034203628167
"371","4727","Female",0.161476734346814,1.19931856586745,1.75254419862526,0.518003472305923
"372","4729","Female",0.717356744024025,0.381388457778293,-0.726582853764904,-0.0705836141610289
"373","4722","Female",0.774586768125981,1.35765885149188,2.30853192958817,0.26396652478965
"374","4753","Male",0.702397118304045,1.23778933186561,1.18239955339101,0.588343928441741
"375","4604","Male",-1.32431932114589,0.917250401696475,0.63798051644659,-1.19335734421523
"376","4737","Male",-0.536199816138524,-0.0986648602370983,-0.0225116565375365,-0.444830652098123
"377","4746","Male",0.533648435873872,0.742285704166538,-0.612944606164482,0.353226420939616
"378","4763","Male",0.715512425169075,1.83312650051676,2.39174165204731,-0.115348055975001
"379","4759","Male",0.419993540392559,0.360635781188836,0.409481079787464,0.563533608956882
"380","4766","Male",0.537959977216003,-0.273073312489611,-0.324351158095546,0.26442318829214
"381","4768","Male",0.733322503358991,-0.446904556786976,-1.31267689710062,0.0671570968808947
"382","4762","Male",0.0882103754203921,0.401329764517428,0.388610552307742,-0.0617267288708868
"383","4764","Male",-0.0522703455121316,1.84526828283759,2.51870805925852,-0.00763729164089932
"384","4758","Male",0.399129298220743,0.295955328911526,-1.0338061334773,0.157246223690979
"385","4769","Male",0.862757443190998,0.844433217733359,2.10102038131472,0.815360690023661
"386","4754","Male",0.713409513070266,1.3046405291412,0.284815793233533,0.630959738504683
"387","4761","Male",0.691614093274756,-0.251860499612417,-0.279379663292047,0.594287517727958
"388","4756","Male",0.293630058044484,-0.298032578426935,-0.251075845728976,0.166924996059939
"389","4755","Male",-0.391801508246215,0.760044754239491,-0.275428514614266,0.0134062159380002
"390","4710","Female",0.873506436347158,1.86730448944104,2.52730160423533,0.81944092937931
"391","4746","Male",-0.117664589604555,0.556789482353247,0.714555671408701,-0.344925464259725
"392","4739","Male",-1.08406199088815,-0.0380207865435483,0.472574818074262,-0.222206776945559
"393","4755","Male",-0.930818342663113,-0.0161944597444601,0.856590353042554,-1.29152029555871
"394","4742","Male",-1.10912923889056,-0.210750595726127,0.0819736447078334,-0.322838564621605
"395","4750","Male",-0.592883183714748,0.334026591979346,0.509806093177955,-2.27485635622263
"396","4754","Male",-1.06876374476072,0.282262460255595,0.881985388829165,-0.723111049183753
"397","4748","Male",0.669316095689464,1.86244480861133,2.52539829042656,0.636333340319284
"398","4743","Female",-0.710592080453179,0.518139886693062,1.595862456454,-0.857808223528948
"399","4760","Female",0.446237367162002,1.7900897679371,2.25403225492828,0.402563170480757
"400","4760","Female",0.335670459863455,1.46931351054991,1.99584688342333,0.532920923189957
"401","4767","Male",-1.18922846415537,-0.656640620120499,-1.35972638538384,-1.57258789337091
"402","4778","Female",0.771767095990324,1.83422040656223,2.40446974160936,0.795810446437427
"403","4777","Male",0.793137703856569,-1.55410659301302,-1.03534600657748,0.500144087473759
"404","4763","Female",-0.869611882665692,-0.766400278337696,-1.24710423997456,-0.262421265068228
"405","4768","Male",0.469550248664707,0.277010174477846,0.0532705268624291,0.409159972191659
"406","4773","Male",0.630490159495631,1.22099740161554,2.29009339477403,0.764809662152136
"407","4765","Female",0.873506436347158,1.86730448944104,2.52730160423533,0.81944092937931
"408","4763","Female",-1.37321193809917,0.710552839515773,0.271901754761062,-0.710136625216945
"409","4770","Female",0.427243431515116,-0.880254941175393,-0.491819147606159,0.516393049577221
"410","4775","Female",0.329494430467947,-1.08203110837443,-1.18157948640226,0.670628968597595
"411","4769","Male",0.231306571188567,0.724233839665058,1.36331342712399,0.530891335046929
"412","4771","Female",-1.31760480219441,1.05716184034424,2.38285658250545,0.152349718784754
"413","4740","Male",-0.400792481348146,1.51436649896711,1.23516550745901,0.525645984614499
"414","4816","Male",-0.89241527272476,1.76309806591944,2.26824871725194,-0.329176050735219
"415","4820","Male",-0.140767725746612,-0.417444351641519,0.0379043424312983,-0.110204675150731
"416","4817","Male",0.839225856397114,-1.84962600598622,-1.56251558516415,0.781754725501851
"417","4824","Male",0.16967600033782,1.56520248912872,1.37720864545626,0.212357891977915
"418","4815","Male",0.870872099902235,1.4195789547599,1.23991151284596,0.807751098645268
"419","4825","Male",0.0415948939216681,-0.144373546207566,-1.24699839813528,0.604082187435505
"420","4819","Male",0.634560870449374,1.1218639587624,1.08180172123749,0.616716698302237
"421","4822","Female",0.430567932589728,0.00702943821914537,-0.349247460966115,0.698401015837859
"422","4821","Female",0.293986239374214,1.02775272572125,1.91734040413048,0.548290813962189
"423","4818","Male",0.62275169320923,0.333903350655155,1.07847494382552,0.75369630370491
"424","4781","Male",0.0963756098680278,-1.50774892502973,-1.51204044320442,-0.622226578832679
"425","4789","Male",0.44594749173475,0.507027680239889,0.4602150346317,0.708298187606038
"426","4782","Female",0.179627727885337,-0.308610138993803,0.276157273519907,-0.237777668071659
"427","4786","Male",-0.585477840235454,0.174859542338886,0.60851841551468,0.0242188095947025
"428","4783","Male",0.164721077784981,0.479079811551929,-0.799018807605584,-0.845816093321059
"429","4787","Female",-1.21179203226613,-0.728819541447785,-1.12727360079833,-0.776121455576217
"430","4785","Male",0.376677493127431,-0.956038063031744,-1.39704648119473,0.678772869757505
"431","4780","Female",-0.19118932479482,-1.44157712954408,-1.37828390784889,-0.368732358355567
"432","4788","Male",0.665064043393166,-1.3233373359461,-1.46535058899427,0.742877846399465
"433","4784","Male",-0.507944957213368,-0.566852731673109,-1.2145204383964,-0.438353614009701
"434","4779","Male",0.257660015949913,-0.605930580231104,-0.22320585158932,0.524807491271197
"435","4756","Male",-1.64405918890727,0.641761051552975,0.463467677572484,-1.35891528138872
"436","4795","Male",-0.533908086755496,-0.242244450996369,-1.13947393963227,-0.868047264765344
"437","4805","Male",-1.86121359439437,-1.10301267541424,-1.43354987658709,-1.19411967024173
"438","4799","Male",-1.53819233205889,-0.0345386779828436,0.67781298857629,-1.40714916611135
"439","4796","Female",-0.298656773927487,0.474888908501298,0.922824384776874,0.384480949776466
"440","4808","Male",-1.17905078282173,-0.880650385709275,-0.55947257044032,-0.715421024126349
"441","4806","Male",-0.845666775499087,-1.34510749527896,-1.12251178647533,-0.525637435315807
"442","4793","Female",-0.597316854963691,-0.485952996225324,-0.0878285200753616,-0.349301857406623
"443","4809","Male",-0.594951890724476,-0.600339907749302,-1.33724425882114,-0.253452638670716
"444","4807","Male",0.24856869638032,1.1802820122537,1.66260516398906,0.196034899889365
"445","4800","Male",0.389766276499182,0.379904233045643,-1.15365386930268,0.517727183347099
"446","4812","Female",-0.771592504355328,-0.19084456119912,-0.177375038845251,-0.622056938714011
"447","4810","Female",0.227437672296178,0.518976404186753,0.370563898691628,0.0558583284530911
"448","4803","Female",-1.38828582622637,-0.94244436011049,-0.435953649954195,-1.21343539531082
"449","4802","Female",-1.11105482341638,-1.89615815756645,-1.57928126238127,-0.844555971447921
"450","4813","Male",0.342337073672245,0.073788469410158,0.242139269299739,-0.325822832205438
"451","4801","Female",-0.110599094007667,-0.636391988229167,-1.2176739532298,0.571740254002353
"452","4836","Male",0.381366011767892,-0.654450210205911,-0.495201432386909,0.229992362969439
"453","4832","Female",-0.335139581092567,1.83802805524854,2.52226435580611,0.275891292910344
"454","4838","Male",-1.10626235655152,-0.45149964140692,-0.580246922512933,-0.925463774115638
"455","4833","Male",-0.877498538580786,0.256442271297763,-0.426044977425302,-0.194918500736717
"456","4828","Male",-0.975820939912655,-0.797502253937621,-0.90422712217584,-0.715861816420756
"457","4831","Female",0.681533338883825,-1.82201054420525,-1.44148841618743,0.428099265427274
"458","4834","Male",0.0488159538892196,-0.130556847546154,0.333799267295281,-0.0903982717186581
"459","4835","Female",-0.450216453184685,-1.3074986665117,-0.822682486184687,-0.874158174375424
"460","4826","Male",0.61586986932791,-0.6392957401935,-1.10547100253086,0.733814336358489
"461","4827","Male",-1.05212229329094,0.053930560140109,-0.0537072145637342,-1.05218023188519
"462","4829","Female",0.239829783099992,-1.86383508833017,-1.56879027192376,0.184607073041617
"463","4837","Male",0.275735357094011,-0.0617255132600531,0.577676214798695,-0.7039194628281
"464","4830","Male",-1.86883757181401,-0.894690114787574,0.65156601318894,-2.33686343604751
"465","4846","Male",0.735557519327183,-0.649823592524314,-1.34965199328886,0.093133028159412
"466","4847","Male",0.65512744801919,1.44569000087443,2.16390793437283,0.127046966539982
"467","4855","Male",-0.245665764127511,-1.71042861588874,-0.915379875360428,-0.469592597158665
"468","4850","Male",-1.25958639311749,-0.30399113735401,-0.753345000875549,-1.0795099763796
"469","4581","Male",-0.144452261070541,-1.87246071706944,-1.57871378873953,-0.710072102579423
"470","4849","Male",0.177460346786598,-0.0863666380351184,-0.514607724482688,0.0388399097226531
"471","4845","Female",0.104567111138519,0.938786226567208,0.391574413659893,0.0148554643013846
"472","4848","Female",0.817066334936258,1.43035949172272,1.79112979074708,0.499931422885176
"473","4839","Female",-1.23100077660476,0.781119956066709,0.0305125846366847,-1.71087868567517
"474","4857","Female",0.409063232984732,0.117106284080855,0.735578722539644,0.521660891107357
"475","4856","Male",-0.965934926501752,-0.455638276637631,-0.708654197773039,-1.28773180901434
"476","4842","Male",0.199120636763617,-0.288805215998376,-0.680473062559867,0.28078118391703
"477","4852","Female",-1.32730814516297,-0.23086923773415,-1.27389577989884,-0.985432115042222
"478","4752","Male",-1.02524560687201,0.901927099609272,1.16627418651285,0.110250680597158
"479","4859","Male",0.52581287188656,-0.950653018894358,-1.41803439402168,-1.12860066887388
"480","4871","Female",0.145944549299396,1.67797475964112,2.48954161670806,0.219356530583592
"481","4873","Male",-0.884110051763283,-1.37176283586413,-1.47601674754478,-0.142476680186453
"482","4874","Male",-0.265162296474041,-0.156310730867258,0.0533075513459709,-0.158906541281914
"483","4863","Female",0.21581505815421,-1.86444942370886,-1.56849246885534,0.208320786342591
"484","4864","Female",0.309416147369242,-1.86226489113875,-1.56709394753114,0.337887150941337
"485","4860","Male",0.0729059772042685,0.080548165206604,0.016802678316584,0.188189826118007
"486","4866","Male",-0.409455072299776,-1.15630877967681,-1.06105226681609,-0.138056201133602
"487","4869","Male",0.524166672177003,-0.852803185977735,-0.589927010000791,0.216085791402108
"488","4862","Female",0.560861113704457,-1.68010771829541,-1.54026699701795,-0.109283832010375
"489","4870","Male",-0.219277233773769,0.513419047261913,1.39922562689489,-0.328887051968064
"490","4868","Female",0.1079320208578,-1.23951481200209,-1.44831318847932,0.619368333111371
"491","4861","Female",-0.615029579551154,0.324227256730606,-0.310698561336828,0.165245455677321
"492","4892","Male",-0.0382308615883767,-0.683104913400003,-0.555715245718,-0.00800127996269363
"493","4891","Male",-0.0241666637009566,-0.479353316953832,-0.444040435794854,-0.17021719741448
"494","4899","Female",0.117992539449941,-1.40324660288484,-1.24807206420789,0.115488045269152
"495","4898","Female",-0.776955551049924,-0.437560860376216,-0.245178426286581,-1.08665729311253
"496","4879","Female",0.20876431353148,0.510256522259479,-0.615300176749172,0.369908220224474
"497","4883","Female",-0.385212881521439,-0.428385919285096,-0.673330393082646,-0.545236537301172
"498","4919","Female",-0.659921904999417,1.06412496688605,0.804666246054726,-1.04955039589643
"499","4879","Male",0.871372128747701,1.29839796302593,0.246593472176055,0.798785237096383
"500","4913","Male",0.034201985536217,-0.16819335578016,-0.323034919068032,-0.0950516252355267
"501","4897","Male",-0.336341294468301,-1.70587573034792,-1.53901542646553,-0.0229508493854723
"502","4911","Female",0.155992931103745,-1.63953059012717,-1.52896341145462,0.0280482525934299
"503","4904","Male",0.563373977902967,-1.00050139913037,-1.2097436085077,0.445304447276527
"504","4895","Male",-0.550414460155233,-0.11081607710236,-0.412269226372932,-0.324166572399507
"505","4910","Female",-0.988741176609358,-1.1444907514061,-1.43438878511937,-0.20154722368567
"506","4901","Female",-0.593297688412469,-0.574354155226041,-0.763184214807267,-0.743755020147324
"507","4884","Female",-0.766897299126336,1.04550495662279,1.74859256856446,0.450398698629123
"508","4898","Female",0.705698723710042,0.998126438073168,0.417438204180986,-0.157546194591695
"509","4917","Male",0.331248933857692,-0.625442649743759,-1.10532569820486,0.39399142087255
"510","4924","Male",-1.04915613809809,0.0869666064557183,-0.736932183974351,-0.626735566578547
"511","4908","Female",0.253450805820116,-1.37987089117942,-1.36095010228414,0.168743122175202
"512","4900","Male",0.177174716183564,0.843294486899465,0.807174323566294,-0.152565689172398
"513","4922","Female",0.401862188392269,0.902934517355925,0.525291422480914,0.422554164829699
"514","4906","Female",0.714160396433067,1.72412947185319,1.96652644350275,0.641324334799413
"515","4899","Female",-0.190798439741194,-0.560025203614898,-0.695828207388814,-0.309735388224465
"516","4885","Female",0.673458238225093,0.580348156774628,1.39915050517555,0.465315449495337
"517","4914","Female",-0.156038699753042,0.784299615535264,0.980726205230997,0.252720710575567
"518","4921","Female",-0.186248784288627,0.524344747376555,0.789392179720136,-0.00286656690558244
"519","4903","Female",0.024502188342252,-0.610548200171784,-0.764156736267724,0.0338292925087366
"520","4902","Female",-0.0959196056302241,0.734457882184675,0.0945340983113865,-0.331009771280148
"521","4909","Female",0.0862356744837676,-0.0276962520241244,-0.12518764669497,-0.238542399570024
"522","4912","Female",0.513536236936397,0.339925783994276,0.656126938435978,0.286596772063905
"523","4926","Female",-1.0365792448856,-0.0493722789745735,-0.151885832110031,-0.789680454518847
"524","4886","Female",0.431173412447759,-0.930502165317802,-0.903441659520113,0.369011538237273
"525","4907","Male",0.0753378082600136,1.06274989028944,-0.644625898338667,-0.900231125242617
"526","4888","Female",0.688278408353731,1.12495023933842,1.58294838737135,-0.245553337258052
"527","4896","Female",-0.889343133963389,0.294696102632299,-0.297376106717523,-0.00885649594649141
"528","4927","Female",-1.4954951840476,-0.298732993265731,-0.391458802738144,-0.832025550188123
"529","4878","Female",0.566608345357106,0.0564346823882631,-0.835829427450338,0.723859955980845
"530","4923","Male",0.618983368429996,1.6351241156924,2.48216292807702,0.485398187973843
"531","4880","Male",0.661476154619097,-1.79067831934427,-1.32455534910599,-0.268545465576736
"532","4920","Female",0.815125425143505,1.59210595653297,1.42457853651623,0.470315122192882
"533","4887","Male",-0.456863398352679,0.314438300127117,1.14237404438432,-0.814069704052376
